-5.362794036045670509e-04	2.364543470321223140e-04	5.103845614939928055e-03	9.010148234665393829e-03	-9.303853847086429596e-03	-7.117500994354486465e-03	6.459500174969434738e-03	8.973861113190650940e-03	-5.015915725380182266e-03	-3.763737389817833900e-03	7.381222210824489594e-03	-1.533620525151491165e-03	-4.537054337561130524e-03	6.554688792675733566e-03	-4.860633052885532379e-03	-1.816194271668791771e-03	2.876859391108155251e-03	9.919701842591166496e-04	-8.286020718514919281e-03	-9.449736215174198151e-03	7.312476634979248047e-03	5.070755258202552795e-03	6.758350413292646408e-03	7.629396859556436539e-04	6.351507734507322311e-03	-3.405696945264935493e-03	-9.464934119023382664e-04	5.769134033471345901e-03	-7.522368803620338440e-03	-3.936486318707466125e-03	-7.512312382459640503e-03	-9.301326354034245014e-04	9.539046324789524078e-03	-7.319878321141004562e-03	-2.333995420485734940e-03	-1.937929424457252026e-03	8.078222163021564484e-03	-5.931472405791282654e-03	4.516683111432939768e-05	-4.754195921123027802e-03	-9.604483842849731445e-03	5.007779691368341446e-03	-8.760436438024044037e-03	-4.392252303659915924e-03	-3.510339593049138784e-05	-2.962102298624813557e-04	-7.661984767764806747e-03	9.615678340196609497e-03	4.982542246580123901e-03	9.234040975570678711e-03	-8.158710785210132599e-03	4.496235400438308716e-03	-4.137478303164243698e-03	8.246162324212491512e-04	8.499446325004100800e-03	-4.462610464543104172e-03	4.517939407378435135e-03	-6.787620019167661667e-03	-3.548833774402737617e-03	9.399421513080596924e-03	-1.577805960550904274e-03	3.214027965441346169e-04	-4.141032230108976364e-03	-7.683434989303350449e-03	-1.508154789917171001e-03	2.470034873113036156e-03	-8.881132816895842552e-04	5.534199532121419907e-03	-2.743243705481290817e-03	2.260284963995218277e-03	5.456324666738510132e-03	8.346764370799064636e-03	-1.453881966881453991e-03	-9.209037758409976959e-03	4.370977170765399933e-03	5.718405591323971748e-04	7.442631758749485016e-03	-8.133617811836302280e-04	-2.638670383021235466e-03	-8.753860369324684143e-03	-8.566401666030287743e-04	2.826837822794914246e-03	5.401954054832458496e-03	7.053341716527938843e-03	-5.703676026314496994e-03	1.859000418335199356e-03	6.089455448091030121e-03	-4.798517562448978424e-03	-3.107562428340315819e-03	6.798290181905031204e-03	1.631634193472564220e-03	1.899355556815862656e-04	3.473974764347076416e-03	2.177986607421189547e-04	9.619761258363723755e-03	5.061096046119928360e-03	-8.918257430195808411e-03	-7.042245008051395416e-03	9.015435352921485901e-04	6.393155548721551895e-03
-8.618953637778759003e-03	3.665255382657051086e-03	5.189547315239906311e-03	5.741907749325037003e-03	7.467197254300117493e-03	-6.167573388665914536e-03	1.106058829464018345e-03	6.047197617590427399e-03	-2.840300090610980988e-03	-6.173722445964813232e-03	-4.097966302651911974e-04	-8.368903771042823792e-03	-5.599978379905223846e-03	7.105293218046426773e-03	3.352163592353463173e-03	7.225770968943834305e-03	6.801216397434473038e-03	7.531211245805025101e-03	-3.788636764511466026e-03	-5.626375786960124969e-04	2.348398091271519661e-03	-4.519335459917783737e-03	8.389385417103767395e-03	-9.858178906142711639e-03	6.764750927686691284e-03	2.914667595177888870e-03	-4.933157470077276230e-03	4.397672135382890701e-03	-1.739376690238714218e-03	6.711204536259174347e-03	9.965838864445686340e-03	-4.361455328762531281e-03	-5.996170802973210812e-04	-5.695050116628408432e-03	3.850152017548680305e-03	2.786973956972360611e-03	6.890212651342153549e-03	6.100547965615987778e-03	9.538004174828529358e-03	9.272758848965167999e-03	7.899215444922447205e-03	-6.990174762904644012e-03	-9.154844097793102264e-03	-3.563965437933802605e-04	-3.099494613707065582e-03	7.895342074334621429e-03	5.937916226685047150e-03	-1.546813989989459515e-03	1.510501257143914700e-03	1.789710251614451408e-03	7.817877456545829773e-03	-9.510979987680912018e-03	-2.062351268250495195e-04	3.469557268545031548e-03	-9.398850379511713982e-04	8.380842395126819611e-03	9.010456502437591553e-03	6.535831838846206665e-03	-7.121475064195692539e-04	7.709379773586988449e-03	-8.534459397196769714e-03	3.206741763278841972e-03	-4.637121688574552536e-03	-5.088622216135263443e-03	3.589297644793987274e-03	5.370838567614555359e-03	7.768880575895309448e-03	-5.767288152128458023e-03	7.432816550135612488e-03	6.624896544963121414e-03	-3.710086690261960030e-03	-8.745208382606506348e-03	5.437217652797698975e-03	6.510379258543252945e-03	-7.869108812883496284e-04	-6.710735149681568146e-03	-7.085559424012899399e-03	-2.496465342119336128e-03	5.143219605088233948e-03	-3.664298448711633682e-03	-9.369451552629470825e-03	3.826056141406297684e-03	4.883698653429746628e-03	-6.428413558751344681e-03	1.208639354445040226e-03	-2.075596479699015617e-03	2.513299114070832729e-05	-9.883871302008628845e-03	2.691610949113965034e-03	-4.750220105051994324e-03	1.087259501218795776e-03	-1.576007576659321785e-03	2.196372253820300102e-03	-7.881516590714454651e-03	-2.717281924560666084e-03	2.663055667653679848e-03	5.347559228539466858e-03	-2.391793066635727882e-03	-9.510139003396034241e-03	4.506331402808427811e-03
9.456396219320595264e-05	3.077319823205471039e-03	-6.812645122408866882e-03	-1.375465421006083488e-03	7.668580859899520874e-03	7.346409372985363007e-03	-3.673297120258212090e-03	2.642701845616102219e-03	-8.317129686474800110e-03	6.205486133694648743e-03	-4.637322388589382172e-03	-3.164106514304876328e-03	9.311356581747531891e-03	8.733856957405805588e-04	7.490702904760837555e-03	-6.074062548577785492e-03	5.160506814718246460e-03	9.922822937369346619e-03	-8.457391522824764252e-03	-5.135691259056329727e-03	-7.064837031066417694e-03	-4.862651694566011429e-03	-3.778563812375068665e-03	-8.536199107766151428e-03	7.955606095492839813e-03	-4.843938164412975311e-03	8.423613384366035461e-03	5.262570455670356750e-03	-6.550026126205921173e-03	3.957871347665786743e-03	5.470149684697389603e-03	-7.426536176353693008e-03	-7.405719719827175140e-03	-2.475230721756815910e-03	-8.625725284218788147e-03	-1.581572345457971096e-03	-4.034328449051827192e-04	3.299684496596455574e-03	1.441880478523671627e-03	-8.814215543679893017e-04	-5.594057962298393250e-03	1.730365795083343983e-03	-8.973717922344803810e-04	6.793690845370292664e-03	3.973590210080146790e-03	4.529471509158611298e-03	1.434305915609002113e-03	-2.699855482205748558e-03	-4.366812761873006821e-03	-1.032074680551886559e-03	1.437027473002672195e-03	-2.646008739247918129e-03	-7.073782850056886673e-03	-7.805306930094957352e-03	-9.121786803007125854e-03	-5.935169290751218796e-03	-1.847424544394016266e-03	-4.323871340602636337e-03	-6.460670381784439087e-03	-3.717322368174791336e-03	4.289158619940280914e-03	-3.739043371751904488e-03	8.378175087273120880e-03	1.533993519842624664e-03	-7.242319639772176743e-03	9.433798491954803467e-03	7.631212472915649414e-03	5.493281874805688858e-03	-6.848845630884170532e-03	5.822679027915000916e-03	4.009093157947063446e-03	5.185369402170181274e-03	4.255901556462049484e-03	1.939754467457532883e-03	-3.170162439346313477e-03	8.353845216333866119e-03	9.612180292606353760e-03	3.792603034526109695e-03	-2.836995059624314308e-03	7.127523531380575150e-06	1.218818477354943752e-03	-8.458324708044528961e-03	-8.223945274949073792e-03	-2.310156851308420300e-04	1.237287535332143307e-03	-5.743380635976791382e-03	-4.725273698568344116e-03	-7.346074562519788742e-03	8.328615687787532806e-03	1.212978386320173740e-04	-4.509398713707923889e-03	5.701705347746610641e-03	9.180014953017234802e-03	-4.099871963262557983e-03	7.964681833982467651e-03	5.375434178858995438e-03	5.879123229533433914e-03	5.125903990119695663e-04	8.213084191083908081e-03	-7.019040640443563461e-03
-8.242677897214889526e-03	9.299354627728462219e-03	-1.976609200937673450e-04	-1.967276446521282196e-03	4.603630397468805313e-03	-4.095315933227539062e-03	2.743114251643419266e-03	6.939966697245836258e-03	6.065425928682088852e-03	-7.510794326663017273e-03	9.382350370287895203e-03	4.671808332204818726e-03	3.966120537370443344e-03	-6.243505515158176422e-03	8.459979668259620667e-03	-2.150164917111396790e-03	8.825187571346759796e-03	-5.362002644687891006e-03	-8.129418827593326569e-03	6.824559066444635391e-03	1.671192701905965805e-03	-2.198508940637111664e-03	9.513600729405879974e-03	9.493854828178882599e-03	-9.774046950042247772e-03	2.505228621885180473e-03	6.156692281365394592e-03	3.872456494718790054e-03	2.022787230089306831e-03	4.305017064325511456e-04	6.736314389854669571e-04	-3.820636309683322906e-03	-7.140250410884618759e-03	-2.088872250169515610e-03	3.923897631466388702e-03	8.818683214485645294e-03	9.259150363504886627e-03	-5.975936539471149445e-03	-9.402670897543430328e-03	9.764377027750015259e-03	3.429784672334790230e-03	5.166117101907730103e-03	6.282344926148653030e-03	-2.804262563586235046e-03	7.322703488171100616e-03	2.830271609127521515e-03	2.871004398912191391e-03	-2.380369929596781731e-03	-3.128249663859605789e-03	-2.370141679421067238e-03	4.276436753571033478e-03	7.605791324749588966e-05	-9.584278799593448639e-03	-9.665544144809246063e-03	-6.148193962872028351e-03	-1.285696052946150303e-04	1.997415907680988312e-03	9.431967511773109436e-03	5.584350787103176117e-03	-4.290696233510971069e-03	2.783167292363941669e-04	4.964358638972043991e-03	7.698309607803821564e-03	-1.144223264418542385e-03	4.323420580476522446e-03	-5.814379546791315079e-03	-8.041906403377652168e-04	8.100050501525402069e-03	-2.360065001994371414e-03	-9.663455188274383545e-03	5.779260303825139999e-03	-3.929822240024805069e-03	-1.222872757352888584e-03	9.980517439544200897e-03	-2.256350591778755188e-03	-4.757064394652843475e-03	-5.329387262463569641e-03	6.980889942497014999e-03	-5.708871874958276749e-03	2.113662892952561378e-03	-5.255660042166709900e-03	6.120713893324136734e-03	4.357306752353906631e-03	2.606354886665940285e-03	-1.491082948632538319e-03	-2.746063517406582832e-03	8.992936462163925171e-03	5.215774755924940109e-03	-2.162519609555602074e-03	-9.470310062170028687e-03	-7.426051888614892960e-03	-1.063741394318640232e-03	-7.949471473693847656e-04	-2.562909154221415520e-03	9.682720527052879333e-03	-4.585206625051796436e-04	5.873761139810085297e-03	-7.447587326169013977e-03	-2.506073797121644020e-03	-5.549863446503877640e-03
-7.139015011489391327e-03	1.241030637174844742e-03	-7.176716346293687820e-03	-2.244618022814393044e-03	3.719303524121642113e-03	5.833123810589313507e-03	1.198183279484510422e-03	2.102731494233012199e-03	-4.110391251742839813e-03	7.225333247333765030e-03	-6.307041738182306290e-03	4.647215828299522400e-03	-8.219973184168338776e-03	2.036467893049120903e-03	-4.977052100002765656e-03	-4.247688222676515579e-03	-3.108984325081110001e-03	5.655208602547645569e-03	5.798400845378637314e-03	-4.974648822098970413e-03	7.733309175819158554e-04	-8.495777845382690430e-03	7.809805683791637421e-03	9.257291443645954132e-03	-2.742327516898512840e-03	8.002233225852251053e-04	7.466519018635153770e-04	5.477884784340858459e-03	-8.606079034507274628e-03	5.844557308591902256e-04	6.869422271847724915e-03	2.231594407930970192e-03	1.124676433391869068e-03	-9.322155267000198364e-03	8.482366800308227539e-03	-6.264127325266599655e-03	-2.992373658344149590e-03	3.493787022307515144e-03	-7.726275944150984287e-04	1.411291304975748062e-03	1.781991682946681976e-03	-6.828899495303630829e-03	-9.724811650812625885e-03	9.040584787726402283e-03	6.198054645210504532e-03	-6.912927608937025070e-03	3.403482493013143539e-03	2.060639817500486970e-04	4.753745626658201218e-03	-7.119942922145128250e-03	4.026954062283039093e-03	4.347434267401695251e-03	9.957369416952133179e-03	-4.473739769309759140e-03	-1.389263896271586418e-03	-7.317321375012397766e-03	-9.697829373180866241e-03	-9.080257266759872437e-03	-1.022754935547709465e-03	-6.503290031105279922e-03	4.849728196859359741e-03	-6.164026446640491486e-03	2.519185654819011688e-03	7.394409039989113808e-04	-3.392153885215520859e-03	-9.792232885956764221e-04	9.979125112295150757e-03	9.145886637270450592e-03	-4.461829550564289093e-03	9.083027020096778870e-03	-5.641763098537921906e-03	5.930921994149684906e-03	-3.097218228504061699e-03	3.431751625612378120e-03	3.017226466909050941e-03	6.900460924953222275e-03	-2.373883733525872231e-03	8.775036782026290894e-03	7.589428219944238663e-03	-9.547646157443523407e-03	-8.008209057152271271e-03	-7.637896575033664703e-03	2.923257416114211082e-03	-2.794722327962517738e-03	-6.929520517587661743e-03	-8.128263987600803375e-03	8.309179916977882385e-03	1.990488730370998383e-03	-9.328017011284828186e-03	-4.792716354131698608e-03	3.136738436296582222e-03	-4.713206086307764053e-03	5.280843004584312439e-03	-4.233441315591335297e-03	2.641795901581645012e-03	-8.045687340199947357e-03	6.209886167198419571e-03	4.818888846784830093e-03	7.871926063671708107e-04	3.013447625562548637e-03
-8.727482520043849945e-03	2.130161505192518234e-03	-8.735441952012479305e-04	-9.319088421761989594e-03	-9.428142569959163666e-03	-1.410717959515750408e-03	4.432408604770898819e-03	3.704071044921875000e-03	-6.498693022876977921e-03	-6.873067468404769897e-03	-4.999412223696708679e-03	-2.286844188347458839e-03	-7.250287570059299469e-03	-9.603317826986312866e-03	-2.743629273027181625e-03	-8.362840861082077026e-03	-6.038875784724950790e-03	-5.670928861945867538e-03	-2.344137523323297501e-03	-1.706997165456414223e-03	-8.956998586654663086e-03	-7.351994281634688377e-04	8.152506314218044281e-03	7.690429687500000000e-03	-7.206115871667861938e-03	-3.666831180453300476e-03	3.118552034720778465e-03	-9.570722468197345734e-03	1.476439181715250015e-03	6.524466443806886673e-03	5.746419541537761688e-03	-8.763061836361885071e-03	-4.517144057899713516e-03	-8.140160702168941498e-03	4.595637437887489796e-05	9.263633750379085541e-03	5.973305553197860718e-03	5.067307967692613602e-03	5.061062518507242203e-03	-3.242917126044631004e-03	9.552183561027050018e-03	-7.356424350291490555e-03	-7.270387373864650726e-03	-2.265389077365398407e-03	-7.785606430843472481e-04	-3.216103417798876762e-03	-5.925858276896178722e-04	7.488823030143976212e-03	-6.975185824558138847e-04	-1.624940661713480949e-03	2.744399243965744972e-03	-8.359100669622421265e-03	7.855803705751895905e-03	8.536104112863540649e-03	-9.584086947143077850e-03	2.446266356855630875e-03	9.904971346259117126e-03	-7.665803655982017517e-03	-6.966918706893920898e-03	-7.736517116427421570e-03	8.395923301577568054e-03	-6.813359213992953300e-04	9.144408628344535828e-03	-8.158220909535884857e-03	3.743084613233804703e-03	2.635042648762464523e-03	7.427132222801446915e-04	2.327675931155681610e-03	-7.469093892723321915e-03	-9.358373470604419708e-03	2.354576485231518745e-03	6.148455198854207993e-03	7.985688745975494385e-03	5.735894665122032166e-03	-7.773363613523542881e-04	8.306164294481277466e-03	-9.336314164102077484e-03	3.406132571399211884e-03	2.667534281499683857e-04	3.857244271785020828e-03	7.385783363133668900e-03	-6.725166924297809601e-03	5.584480706602334976e-03	-9.522224776446819305e-03	-8.044588612392544746e-04	-8.688736706972122192e-03	-5.098673049360513687e-03	9.289226494729518890e-03	-1.858261879533529282e-03	2.914426382631063461e-03	9.071279317140579224e-03	8.938132785260677338e-03	-8.208435028791427612e-03	-3.012313740327954292e-03	9.886605665087699890e-03	5.104430951178073883e-03	-1.588087063282728195e-03	-8.692021481692790985e-03	2.961516380310058594e-03	-6.675897631794214249e-03
8.133062161505222321e-03	-4.457767587155103683e-03	-1.068461104296147823e-03	1.006462611258029938e-03	-1.911325380206108093e-04	1.148289069533348083e-03	6.114454939961433411e-03	-2.027351001743227243e-05	-3.246280830353498459e-03	-1.510875532403588295e-03	5.897872149944305420e-03	1.514249364845454693e-03	-7.243324071168899536e-04	9.334154427051544189e-03	-4.921761807054281235e-03	-8.384911343455314636e-04	9.176303632557392120e-03	6.750083528459072113e-03	1.503002131357789040e-03	-8.883424103260040283e-03	1.148857641965150833e-03	-2.288477960973978043e-03	9.369147941470146179e-03	1.210045418702065945e-03	1.490208436734974384e-03	2.406643936410546303e-03	-1.836185110732913017e-03	-5.000120028853416443e-03	2.324521046830341220e-04	-2.014376223087310791e-03	6.601574830710887909e-03	8.940991945564746857e-03	-6.748199812136590481e-04	2.977304160594940186e-03	-6.108248140662908554e-03	1.699490007013082504e-03	-6.926905829459428787e-03	-8.694872260093688965e-03	-5.900776479393243790e-03	-8.957345969974994659e-03	7.278302218765020370e-03	-5.772592499852180481e-03	8.277156390249729156e-03	-7.244249340146780014e-03	3.422007663175463676e-03	9.675939567387104034e-03	-7.786204572767019272e-03	-9.946024045348167419e-03	-4.329567309468984604e-03	-2.683391328901052475e-03	-2.713157155085355043e-04	-8.832409977912902832e-03	-8.618395775556564331e-03	2.800482790917158127e-03	-8.207204751670360565e-03	-9.070218540728092194e-03	-2.340693259611725807e-03	-8.632646873593330383e-03	-7.057335693389177322e-03	-8.401967585086822510e-03	-3.013582027051597834e-04	-4.564742092043161392e-03	6.627819035202264786e-03	1.527308835648000240e-03	-3.341800533235073090e-03	6.109565496444702148e-03	-6.013869307935237885e-03	-4.656622186303138733e-03	-7.208209950476884842e-03	-4.337001591920852661e-03	-1.809505862183868885e-03	6.490273866802453995e-03	-2.770662307739257812e-03	4.919445607811212540e-03	6.905113346874713898e-03	-7.464431226253509521e-03	4.565293900668621063e-03	6.127574015408754349e-03	-2.954761963337659836e-03	6.625665817409753799e-03	6.126475054770708084e-03	-6.444111466407775879e-03	-6.765209138393402100e-03	2.539205597713589668e-03	-1.623976742848753929e-03	-6.065717432647943497e-03	9.500132873654365540e-03	-5.130645353347063065e-03	-6.554733961820602417e-03	-1.198968602693639696e-04	-2.701690653339028358e-03	4.444434889592230320e-04	-3.537802025675773621e-03	-4.193713830318301916e-04	-7.086846744641661644e-04	8.229006198234856129e-04	8.195613510906696320e-03	-5.737265106290578842e-03	-1.659689354710280895e-03	5.572149064391851425e-03
8.168119937181472778e-03	-4.443032667040824890e-03	8.985433727502822876e-03	8.253664709627628326e-03	-4.435222130268812180e-03	3.031051019206643105e-04	4.274491220712661743e-03	-3.926320001482963562e-03	-5.559965502470731735e-03	-6.512322463095188141e-03	-6.707382271997630596e-04	-2.959215780720114708e-04	4.463084973394870758e-03	-2.474053995683789253e-03	-1.726090849842876196e-04	2.461875788867473602e-03	4.867598880082368851e-03	-3.080844908254221082e-05	-6.339409388601779938e-03	-9.260807186365127563e-03	2.665758074726909399e-05	6.661894265562295914e-03	1.466022687964141369e-03	-8.966522291302680969e-03	-7.938604801893234253e-03	6.551902275532484055e-03	-3.785680513828992844e-03	6.254992447793483734e-03	-6.681032013148069382e-03	8.479662239551544189e-03	-6.516324356198310852e-03	3.288019914180040359e-03	-1.056985813193023205e-03	-6.787527818232774734e-03	-3.287596628069877625e-03	-1.161411986686289310e-03	-5.470939911901950836e-03	-1.211347524076700211e-03	-7.563313469290733337e-03	2.646659500896930695e-03	9.070148691534996033e-03	-2.377250231802463531e-03	-9.765100548975169659e-04	3.513561561703681946e-03	8.665087632834911346e-03	-5.921852774918079376e-03	-6.887577939778566360e-03	-2.932984847575426102e-03	9.147696197032928467e-03	8.662676555104553699e-04	-8.678400889039039612e-03	-1.446979003958404064e-03	9.479465894401073456e-03	-7.549487520009279251e-03	-5.358098540455102921e-03	9.316562674939632416e-03	-8.973726071417331696e-03	3.825907595455646515e-03	6.654405733570456505e-04	6.660701241344213486e-03	8.312753401696681976e-03	-2.850785152986645699e-03	-3.992313053458929062e-03	8.897917345166206360e-03	2.089645946398377419e-03	6.248941645026206970e-03	-9.445714764297008514e-03	9.590123780071735382e-03	-1.348308287560939789e-03	-6.052115000784397125e-03	2.992534544318914413e-03	-4.566109273582696915e-04	4.706492647528648376e-03	-2.283021109178662300e-03	-4.137842450290918350e-03	2.277898835018277168e-03	8.354383520781993866e-03	-4.995605908334255219e-03	2.668678760528564453e-03	-7.990554906427860260e-03	-6.773346569389104843e-03	-4.676687822211533785e-04	-8.767727762460708618e-03	2.789437770843505859e-03	1.598595408722758293e-03	-2.319692401215434074e-03	5.003790836781263351e-03	9.748786687850952148e-03	8.454267866909503937e-03	-1.880224910564720631e-03	2.058151876553893089e-03	-4.003689158707857132e-03	-8.241405710577964783e-03	6.277955602854490280e-03	-1.949181547388434410e-03	-6.662046653218567371e-04	-1.771331997588276863e-03	-4.535665735602378845e-03	4.061709623783826828e-03	-4.270180594176054001e-03
-9.578546509146690369e-03	8.943115361034870148e-03	4.165068734437227249e-03	9.234734810888767242e-03	6.643502507358789444e-03	2.924736822023987770e-03	9.804019704461097717e-03	-4.424640908837318420e-03	-6.803310941904783249e-03	4.227380733937025070e-03	3.728999989107251167e-03	-5.664610769599676132e-03	9.704760275781154633e-03	-3.558306721970438957e-03	9.549406357109546661e-03	8.347260882146656513e-04	-6.338456645607948303e-03	-1.977117033675312996e-03	-7.377054542303085327e-03	-2.979523036628961563e-03	1.041697221808135509e-03	9.482687339186668396e-03	9.355847723782062531e-03	-6.595877464860677719e-03	3.475151024758815765e-03	2.275570528581738472e-03	-2.489352133125066757e-03	-9.229172021150588989e-03	1.027126330882310867e-03	-8.165705949068069458e-03	6.320189218968153000e-03	-5.800080485641956329e-03	5.535439122468233109e-03	9.833723306655883789e-03	-1.600003306521102786e-04	4.528492689132690430e-03	-1.809400273486971855e-03	7.360761053860187531e-03	3.940097056329250336e-03	-9.010324254631996155e-03	-2.398503944277763367e-03	3.628768958151340485e-03	-9.956836584024131298e-05	-1.201270846650004387e-03	-1.055438537150621414e-03	-1.671601552516222000e-03	6.049525691196322441e-04	4.165095277130603790e-03	-4.252791404724121094e-03	-3.833621740341186523e-03	-5.281686753733083606e-05	2.693557762540876865e-04	-1.688063202891498804e-04	-4.785506520420312881e-03	4.313402343541383743e-03	-2.171919448301196098e-03	2.103539649397134781e-03	6.665230030193924904e-04	5.969677120447158813e-03	-6.842380855232477188e-03	-6.815710105001926422e-03	-4.476257599890232086e-03	9.435828775167465210e-03	-1.591882668435573578e-03	-9.429242461919784546e-03	-5.450415774248540401e-04	-4.448922816663980484e-03	6.000078748911619186e-03	-9.583685547113418579e-03	2.859001047909259796e-03	-9.252832271158695221e-03	1.249800901859998703e-03	5.999198183417320251e-03	7.397347595542669296e-03	-7.621463388204574585e-03	-6.053023505955934525e-03	-6.838440895080566406e-03	-7.918340153992176056e-03	-9.499080479145050049e-03	-2.125496976077556610e-03	-8.359325001947581768e-04	-7.256201468408107758e-03	6.787036545574665070e-03	1.119619584642350674e-03	5.828866735100746155e-03	1.472866511903703213e-03	7.893657893873751163e-04	-7.368129678070545197e-03	-2.176658017560839653e-03	4.321079235523939133e-03	-5.085314624011516571e-03	1.130789518356323242e-03	2.883363980799913406e-03	-1.536360941827297211e-03	9.932295419275760651e-03	8.349634706974029541e-03	2.415666589513421059e-03	7.118245586752891541e-03	5.891437642276287079e-03	-5.580617114901542664e-03
-5.155805964022874832e-03	-6.668861955404281616e-03	-7.778217084705829620e-03	8.310507051646709442e-03	-1.982035115361213684e-03	-6.854897830635309219e-03	-4.154642112553119659e-03	5.143312271684408188e-03	-2.869629068300127983e-03	-3.749868832528591156e-03	1.621542731299996376e-03	-2.775782952085137367e-03	-1.584715675562620163e-03	1.075131352990865707e-03	-2.977954689413309097e-03	8.520137518644332886e-03	3.912676125764846802e-03	-9.958276525139808655e-03	6.260816473513841629e-03	-6.755521055310964584e-03	7.694088853895664215e-04	4.403899423778057098e-03	-5.102392751723527908e-03	-2.110326895490288734e-03	8.096081204712390900e-03	-4.242956638336181641e-03	-7.637402042746543884e-03	9.256896562874317169e-03	-2.154940739274024963e-03	-4.719343967735767365e-03	8.573192171752452850e-03	4.285239614546298981e-03	4.324661102145910263e-03	9.285737760365009308e-03	-8.453906513750553131e-03	5.255783908069133759e-03	2.037361497059464455e-03	4.188179038465023041e-03	1.697201631031930447e-03	4.463288001716136932e-03	4.488191567361354828e-03	6.103412713855504990e-03	-3.200148697942495346e-03	-4.576467443257570267e-03	-4.261801077518612146e-04	2.534913597628474236e-03	-3.264089580625295639e-03	6.055856123566627502e-03	4.153674934059381485e-03	7.763777393847703934e-03	2.569985110312700272e-03	8.115548640489578247e-03	-1.388605101965367794e-03	8.078826591372489929e-03	3.715305123478174210e-03	-8.048599585890769958e-03	-3.934255801141262054e-03	-2.472829073667526245e-03	4.892405588179826736e-03	-8.737302268855273724e-04	-2.830719808116555214e-03	7.833804935216903687e-03	9.324930608272552490e-03	-1.613751752302050591e-03	-5.159507505595684052e-03	-4.701371770352125168e-03	-4.846659954637289047e-03	-9.604205377399921417e-03	1.371543039567768574e-03	-4.226023796945810318e-03	2.526062307879328728e-03	5.614869296550750732e-03	-4.066875204443931580e-03	-9.595532901585102081e-03	1.547929481603205204e-03	-6.701145786792039871e-03	2.495309105142951012e-03	-3.779561957344412804e-03	7.078780326992273331e-03	6.416547112166881561e-04	3.562199883162975311e-03	-2.740725642070174217e-03	-1.711598481051623821e-03	7.653337903320789337e-03	1.408120035193860531e-03	-5.851575639098882675e-03	-7.833544164896011353e-03	1.232757931575179100e-03	6.454221904277801514e-03	5.555746145546436310e-03	-8.977613411843776703e-03	8.593070320785045624e-03	4.046513698995113373e-03	7.469865959137678146e-03	9.745724499225616455e-03	-7.290484383702278137e-03	-9.038129821419715881e-03	5.835851654410362244e-03	9.391080588102340698e-03	3.507969900965690613e-03
7.088797166943550110e-03	-1.567929983139038086e-03	7.947498932480812073e-03	-9.488658979535102844e-03	-8.029499091207981110e-03	-6.640370935201644897e-03	-4.003454465419054031e-03	4.989216104149818420e-03	-3.813558723777532578e-03	-8.319905027747154236e-03	8.411777205765247345e-03	-3.747001988813281059e-03	8.608696050941944122e-03	-4.895751364529132843e-03	3.918594215065240860e-03	4.922016989439725876e-03	2.392609138041734695e-03	-2.818803768604993820e-03	2.849124604836106300e-03	-8.256236091256141663e-03	-2.765539800748229027e-03	-2.591158263385295868e-03	7.249006070196628571e-03	-3.463403088971972466e-03	-6.599702872335910797e-03	4.340426996350288391e-03	-4.744851612485945225e-04	-3.597556380555033684e-03	6.882471963763237000e-03	3.872312372550368309e-03	-3.900201292708516121e-03	7.718884735368192196e-04	9.143502451479434967e-03	7.754656020551919937e-03	6.361871957778930664e-03	4.667302593588829041e-03	2.384489867836236954e-03	-1.841626130044460297e-03	-6.371293216943740845e-03	-3.018105053342878819e-04	-1.565388403832912445e-03	-5.722856731154024601e-04	-6.262870971113443375e-03	7.434047292917966843e-03	-6.591492798179388046e-03	-7.239277474582195282e-03	-2.757146256044507027e-03	-1.515400363132357597e-03	-7.635717280209064484e-03	6.982409977354109287e-04	-5.326111335307359695e-03	-1.275544171221554279e-03	-7.365111261606216431e-03	1.960568362846970558e-03	3.273198613896965981e-03	-2.313852382940240204e-05	-5.448358133435249329e-03	-1.726086135022342205e-03	7.084916811436414719e-03	3.736258717253804207e-03	-8.881049230694770813e-03	-3.413550788536667824e-03	2.354102209210395813e-03	2.138019772246479988e-03	-9.464007802307605743e-03	4.571165889501571655e-03	-8.656997233629226685e-03	-7.387068122625350952e-03	3.483111970126628876e-03	-3.470958443358540535e-03	3.564470913261175156e-03	8.894090540707111359e-03	-3.574322443455457687e-03	9.320424869656562805e-03	1.711038406938314438e-03	9.847774170339107513e-03	5.705043207854032516e-03	-9.149483405053615570e-03	-3.327730810269713402e-03	6.530174985527992249e-03	5.602779332548379898e-03	8.705515414476394653e-03	6.926102563738822937e-03	8.038887754082679749e-03	-9.823008440434932709e-03	4.298825282603502274e-03	-5.030076485127210617e-03	3.512385999783873558e-03	6.056687794625759125e-03	4.392131697386503220e-03	7.512359414249658585e-03	1.497715711593627930e-03	-1.264941645786166191e-03	5.768400616943836212e-03	-5.639567505568265915e-03	3.859162461594678462e-05	9.456587024033069611e-03	-5.481250118464231491e-03	3.814278868958353996e-03	-8.113021031022071838e-03
9.770292788743972778e-03	8.165113627910614014e-03	1.280971802771091461e-03	5.097578745335340500e-03	1.408128766342997551e-03	-6.455161608755588531e-03	-1.428051036782562733e-03	6.449165288358926773e-03	-4.617305938154459000e-03	-3.993065562099218369e-03	4.924404434859752655e-03	2.713098423555493355e-03	-1.847975305281579494e-03	-2.876943442970514297e-03	6.010731682181358337e-03	-5.716738756746053696e-03	-3.236702643334865570e-03	-6.487824954092502594e-03	-4.234632477164268494e-03	-8.580994792282581329e-03	-4.469789098948240280e-03	-8.511229418218135834e-03	1.403777627274394035e-03	-8.618196472525596619e-03	-9.916655719280242920e-03	-8.201625198125839233e-03	-6.772665772587060928e-03	6.680584978312253952e-03	3.784556407481431961e-03	3.561663615982979536e-04	-2.957981778308749199e-03	-7.428320590406656265e-03	5.334186716936528683e-04	4.998922231607139111e-04	1.956188643816858530e-04	8.525955490767955780e-04	7.863307255320250988e-04	-6.816029781475663185e-05	-8.007054217159748077e-03	-5.870273336768150330e-03	-8.382911793887615204e-03	-1.312042470090091228e-03	1.820637029595673084e-03	7.417127955704927444e-03	-1.963427057489752769e-03	-2.325291745364665985e-03	9.487154893577098846e-03	7.970452134031802416e-05	-2.404521685093641281e-03	8.604846894741058350e-03	2.687003696337342262e-03	-5.343972239643335342e-03	6.588106043636798859e-03	4.510153550654649734e-03	-7.054467219859361649e-03	-3.231739974580705166e-04	8.344865054823458195e-04	5.747357383370399475e-03	-1.717654522508382797e-03	-2.806530101224780083e-03	1.748430775478482246e-03	8.471715264022350311e-04	1.192827243357896805e-03	-2.634282223880290985e-03	-5.985784344375133514e-03	7.322983816266059875e-03	7.587375584989786148e-03	8.296357467770576477e-03	-8.598847314715385437e-03	2.636425429955124855e-03	-3.559962613508105278e-03	9.620403870940208435e-03	2.903767861425876617e-03	4.641113337129354477e-03	2.385615138337016106e-03	6.608477793633937836e-03	-5.743290297687053680e-03	7.894412614405155182e-03	-2.410921966657042503e-03	-4.561885725706815720e-03	-2.060990314930677414e-03	9.733557701110839844e-03	-6.856590509414672852e-03	-2.191720064729452133e-03	7.000999525189399719e-03	-5.574941678787581623e-05	-6.294967141002416611e-03	-6.393525749444961548e-03	8.940394967794418335e-03	6.429575849324464798e-03	4.773593042045831680e-03	-3.262047655880451202e-03	-9.267619810998439789e-03	3.786888206377625465e-03	7.160550449043512344e-03	-5.632889457046985626e-03	-7.865012623369693756e-03	-2.972739981487393379e-03	-4.931898321956396103e-03	-2.315111225470900536e-03
-1.944216433912515640e-03	-5.267521366477012634e-03	9.447113610804080963e-03	-9.298732504248619080e-03	4.503947682678699493e-03	5.404178053140640259e-03	-1.409262418746948242e-03	9.007092565298080444e-03	9.885359555482864380e-03	-5.475042853504419327e-03	-6.020999979227781296e-03	-6.746972911059856415e-03	-7.894882000982761383e-03	-3.047916805371642113e-03	-5.594027228653430939e-03	-8.344680070877075195e-03	7.829022360965609550e-04	2.994656562805175781e-03	6.414743606001138687e-03	-2.628949936479330063e-03	-4.453476518392562866e-03	1.249570865184068680e-03	3.914618573617190123e-04	8.116998709738254547e-03	1.828002859838306904e-04	7.231586147099733353e-03	-8.264515548944473267e-03	8.433536626398563385e-03	-1.888909377157688141e-03	8.701154030859470367e-03	-7.616837043315172195e-03	1.796386204659938812e-03	1.056486391462385654e-03	4.600525062414817512e-05	-5.103253293782472610e-03	-9.247697889804840088e-03	-7.264217361807823181e-03	-7.951173931360244751e-03	1.913727493956685066e-03	4.784667398780584335e-04	-1.813137554563581944e-03	7.120165973901748657e-03	-2.475691959261894226e-03	-1.347309327684342861e-03	-8.900564163923263550e-03	-9.925412945449352264e-03	8.949398063123226166e-03	-5.753938108682632446e-03	-6.372997537255287170e-03	5.199407227337360382e-03	6.669993512332439423e-03	-6.831641308963298798e-03	9.597599273547530174e-04	-6.008473690599203110e-03	1.647343626245856285e-03	-4.289278760552406311e-03	-3.440797328948974609e-03	2.185666467994451523e-03	8.661577478051185608e-03	6.728110369294881821e-03	-9.677057154476642609e-03	-5.622104275971651077e-03	7.880332879722118378e-03	1.989357406273484230e-03	-4.256051965057849884e-03	5.988121265545487404e-04	9.520960971713066101e-03	-1.102716894820332527e-03	-9.424638003110885620e-03	1.608409918844699860e-03	6.232354789972305298e-03	6.282370071858167648e-03	4.091650247573852539e-03	-5.650239065289497375e-03	-3.706932184286415577e-04	-5.531787974177859724e-05	4.571795463562011719e-03	-8.041589520871639252e-03	-8.018309250473976135e-03	2.647507062647491693e-04	-8.608299307525157928e-03	5.820156540721654892e-03	-4.178118833806365728e-04	9.971177205443382263e-03	-5.343977361917495728e-03	-4.861390625592321157e-04	7.756773382425308228e-03	-4.067932255566120148e-03	-5.015900358557701111e-03	1.590070780366659164e-03	2.650693757459521294e-03	-2.564959460869431496e-03	6.447528488934040070e-03	-7.659952621906995773e-03	3.393560647964477539e-03	4.899704363197088242e-04	8.732182905077934265e-03	5.982713773846626282e-03	6.815361790359020233e-03	7.822544313967227936e-03
-9.499565698206424713e-03	9.561914950609207153e-03	-7.770458236336708069e-03	-2.644772641360759735e-03	-4.907106515020132065e-03	-4.967135842889547348e-03	-8.022669702768325806e-03	-7.782926782965660095e-03	-4.553817678242921829e-03	-1.275748596526682377e-03	-5.102015100419521332e-03	6.140539888292551041e-03	-9.517005644738674164e-03	-5.305941216647624969e-03	9.436435997486114502e-03	6.991134490817785263e-03	7.676697336137294769e-03	4.235305357724428177e-03	5.065934383310377598e-04	-5.982486531138420105e-03	6.019398104399442673e-03	2.635236131027340889e-03	7.700614631175994873e-03	6.393987219780683517e-03	7.943145930767059326e-03	8.657332509756088257e-03	-9.895958937704563141e-03	-6.755646318197250366e-03	1.337038935162127018e-03	6.439866963773965836e-03	7.373746018856763840e-03	5.517565179616212845e-03	7.662276737391948700e-03	-5.125888157635927200e-03	6.583792157471179962e-03	-4.108391236513853073e-03	-9.055254980921745300e-03	9.140608832240104675e-03	1.330976840108633041e-03	-2.760682953521609306e-03	-2.478016773238778114e-03	-4.220532253384590149e-03	4.812297876924276352e-03	4.399370402097702026e-03	-2.653115428984165192e-03	-7.341195829212665558e-03	-3.566982923075556755e-03	-3.366346936672925949e-04	6.095942109823226929e-03	-2.836856059730052948e-03	-1.215141601278446615e-04	8.794117602519690990e-04	-7.096582558006048203e-03	2.065266948193311691e-03	-1.432398450560867786e-03	2.801158931106328964e-03	4.842382855713367462e-03	-1.353148370981216431e-03	-2.780918963253498077e-03	7.738724350929260254e-03	5.045461002737283707e-03	6.713212002068758011e-03	4.515822976827621460e-03	8.666702546179294586e-03	7.474614772945642471e-03	-1.081259921193122864e-03	8.747133426368236542e-03	4.601784981787204742e-03	5.439905449748039246e-03	-1.386235235258936882e-03	-2.041049767285585403e-03	-4.423258360475301743e-03	-8.515506051480770111e-03	3.037410788238048553e-03	8.884017355740070343e-03	8.919239044189453125e-03	-1.941474271006882191e-03	6.086545530706644058e-03	3.779313992708921432e-03	-4.296124912798404694e-03	2.043308457359671593e-03	-5.438148509711027145e-03	8.208795450627803802e-03	5.433612037450075150e-03	3.183896653354167938e-03	4.102262202650308609e-03	8.658290840685367584e-03	7.271307520568370819e-03	-8.341802167706191540e-04	-7.072277367115020752e-03	8.380395360291004181e-03	7.233630400151014328e-03	1.730468706227838993e-03	-1.347506418824195862e-03	-5.889436695724725723e-03	-4.532658495008945465e-03	8.647909387946128845e-03	-3.136044135317206383e-03	-6.338874343782663345e-03	9.870953857898712158e-03
7.697380613535642624e-03	9.120159782469272614e-03	1.135165803134441376e-03	-8.325110189616680145e-03	8.425294421613216400e-03	-3.696128958836197853e-03	5.742618348449468613e-03	4.391494672745466232e-03	9.689695201814174652e-03	-9.293697774410247803e-03	9.208831936120986938e-03	-9.281483478844165802e-03	-6.907678209245204926e-03	-9.101440198719501495e-03	-5.547486245632171631e-03	7.368997670710086823e-03	9.165447205305099487e-03	-3.324881894513964653e-03	3.723568050190806389e-03	-3.626035060733556747e-03	7.881492376327514648e-03	5.866572726517915726e-03	8.621662459518120158e-07	-3.628690028563141823e-03	-7.224196102470159531e-03	4.768867045640945435e-03	1.452652853913605213e-03	-2.613701159134507179e-03	7.838005200028419495e-03	-4.049794282764196396e-03	-9.147997014224529266e-03	-2.254482824355363846e-03	1.248678308911621571e-04	-6.638668011873960495e-03	-5.487286020070314407e-03	-8.499429561197757721e-03	9.229009971022605896e-03	7.423480506986379623e-03	-2.957355172839015722e-04	7.367005571722984314e-03	7.951935753226280212e-03	-7.842436898499727249e-04	6.613111123442649841e-03	3.766879905015230179e-03	5.077188368886709213e-03	7.254017051309347153e-03	-4.740047268569469452e-03	-2.186684170737862587e-03	8.726612431928515434e-04	4.235875327140092850e-03	3.304637968540191650e-03	5.095033906400203705e-03	4.585781600326299667e-03	-8.438148535788059235e-03	-3.184752073138952255e-03	-7.237689569592475891e-03	9.681095369160175323e-03	5.005924496799707413e-03	1.703147136140614748e-04	4.111953545361757278e-03	-7.656256202608346939e-03	-6.295016035437583923e-03	3.077269066125154495e-03	6.534971296787261963e-03	3.949553705751895905e-03	6.018521264195442200e-03	-1.986765535548329353e-03	-3.345911623910069466e-03	2.066258311970159411e-04	-3.194960299879312515e-03	-5.517190787941217422e-03	-7.788126822561025620e-03	6.535293534398078918e-03	-1.089713303372263908e-03	-1.890240469947457314e-03	-7.805654313415288925e-03	9.337939321994781494e-03	8.687365916557610035e-04	1.769602997228503227e-03	2.492605010047554970e-03	-7.385384757071733475e-03	1.638139132410287857e-03	2.975782845169305801e-03	-8.566879667341709137e-03	4.955883137881755829e-03	2.432689070701599121e-03	7.498642429709434509e-03	5.043936427682638168e-03	-3.032109932973980904e-03	-7.163050584495067596e-03	7.095826324075460434e-03	1.901751849800348282e-03	5.198935046792030334e-03	6.381168961524963379e-03	1.912181032821536064e-03	-6.127754226326942444e-03	-5.419189164967974648e-06	8.268019184470176697e-03	-6.098592653870582581e-03	9.438733570277690887e-03
-7.190942764282226562e-03	4.232890438288450241e-03	2.163394587114453316e-03	7.440714631229639053e-03	-4.889265168458223343e-03	-4.564346279948949814e-03	-6.098174024373292923e-03	3.299367381259799004e-03	-4.499462898820638657e-03	8.522884920239448547e-03	-4.288827069103717804e-03	-9.105419740080833435e-03	-4.816355649381875992e-03	6.416490301489830017e-03	-6.371323950588703156e-03	-5.261536687612533569e-03	-7.304410915821790695e-03	6.022261455655097961e-03	3.357593901455402374e-03	2.848390256986021996e-03	-3.138550557196140289e-03	6.030891090631484985e-03	-6.152745336294174194e-03	-1.980100758373737335e-03	-5.983082111924886703e-03	-9.956801077350974083e-04	-2.020986052230000496e-03	8.485945872962474823e-03	7.800102321198210120e-05	-8.575325831770896912e-03	-5.429098382592201233e-03	-6.875985767692327499e-03	2.692381152883172035e-03	9.456647560000419617e-03	-5.815995857119560242e-03	8.265025913715362549e-03	8.532051928341388702e-03	-7.062639109790325165e-03	-8.883212693035602570e-03	9.469184093177318573e-03	8.374364115297794342e-03	-4.690891597419977188e-03	-6.726040970534086227e-03	7.842136546969413757e-03	3.763345535844564438e-03	8.095503784716129303e-03	-7.571545895189046860e-03	-9.525084868073463440e-03	1.577405957505106926e-03	-9.805767796933650970e-03	-4.885884467512369156e-03	-3.460103180259466171e-03	9.620922617614269257e-03	8.623569272458553314e-03	-2.835607621818780899e-03	5.826872773468494415e-03	8.237094618380069733e-03	-2.262980910018086433e-03	9.528541937470436096e-03	7.160215172916650772e-03	2.041500760242342949e-03	-3.848763648420572281e-03	-5.081749986857175827e-03	-3.051652805879712105e-03	7.887864485383033752e-03	-6.190434563905000687e-03	-2.915022429078817368e-03	9.191022254526615143e-03	3.456655656918883324e-03	6.072612013667821884e-03	-8.032816462218761444e-03	-7.515049073845148087e-04	5.522447638213634491e-03	-4.714468494057655334e-03	7.478493265807628632e-03	9.319591335952281952e-03	-4.093682800885289907e-04	-2.063601044937968254e-03	-5.933583015576004982e-04	-5.785889457911252975e-03	-8.386281318962574005e-03	-1.506873406469821930e-03	-2.557183615863323212e-03	4.382433835417032242e-03	-6.867517251521348953e-03	5.413695704191923141e-03	-6.745085585862398148e-03	-7.820289582014083862e-03	8.471711538732051849e-03	8.918614126741886139e-03	-3.481240244582295418e-03	3.491414710879325867e-03	-5.795734934508800507e-03	-8.750085718929767609e-03	-5.515571683645248413e-03	6.748728919774293900e-03	6.417759694159030914e-03	9.438073262572288513e-03	7.055284921079874039e-03	6.754952482879161835e-03
1.300166826695203781e-03	-9.804302826523780823e-03	4.587762523442506790e-03	-5.382227827794849873e-04	6.332095712423324585e-03	1.783474697731435299e-03	-3.129798220470547676e-03	7.759972941130399704e-03	1.554665621370077133e-03	5.520939885172992945e-05	-4.612953867763280869e-03	-8.453523740172386169e-03	-7.766832131892442703e-03	8.670509792864322662e-03	-8.924960158765316010e-03	9.034715592861175537e-03	-9.281017817556858063e-03	-2.767562982626259327e-04	-1.907047000713646412e-03	-8.931146003305912018e-03	8.630059659481048584e-03	6.777813658118247986e-03	3.019439056515693665e-03	4.833452869206666946e-03	1.121902459999546409e-04	9.424680843949317932e-03	7.021287456154823303e-03	-9.853726252913475037e-03	-4.433220718055963516e-03	-1.290111569687724113e-03	3.047722624614834785e-03	-4.323952365666627884e-03	1.449166564270853996e-03	-7.845899090170860291e-03	2.778073539957404137e-03	4.702691920101642609e-03	4.937312565743923187e-03	-3.175702178850769997e-03	-8.427040651440620422e-03	-9.220617823302745819e-03	-7.228994509205222130e-04	-7.327464874833822250e-03	-6.814962718635797501e-03	6.120005622506141663e-03	7.172303274273872375e-03	2.117419149726629257e-03	-7.899400778114795685e-03	-5.698988214135169983e-03	8.051845245063304901e-03	3.920843824744224548e-03	-5.240470170974731445e-03	-7.391904480755329132e-03	7.715547108091413975e-04	3.463754663243889809e-03	2.079193480312824249e-03	3.100804053246974945e-03	-5.620500072836875916e-03	-9.889486245810985565e-03	-7.020837161689996719e-03	2.303087676409631968e-04	4.618679173290729523e-03	4.526307806372642517e-03	1.879812451079487801e-03	5.170674528926610947e-03	-1.053607484209351242e-04	4.114166367799043655e-03	-9.123240597546100616e-03	7.700911723077297211e-03	6.147474050521850586e-03	5.124156363308429718e-03	7.206669077277183533e-03	8.439796976745128632e-03	7.386958459392189980e-04	-1.703860703855752945e-03	5.186283378861844540e-04	-9.316780604422092438e-03	8.406214416027069092e-03	-6.379932165145874023e-03	8.427842520177364349e-03	-4.244355019181966782e-03	6.468427018262445927e-04	-9.164168499410152435e-03	-9.558567777276039124e-03	-7.836810313165187836e-03	-7.731056306511163712e-03	3.755819925572723150e-04	-7.226462475955486298e-03	-4.950213246047496796e-03	-5.271706730127334595e-03	-4.289297852665185928e-03	7.012311369180679321e-03	4.829389974474906921e-03	8.682770654559135437e-03	7.093591615557670593e-03	-5.694406107068061829e-03	7.240795996040105820e-03	-9.294902905821800232e-03	-2.587568713352084160e-03	-7.757166400551795959e-03	4.192601423710584641e-03
1.799646997824311256e-03	7.046338170766830444e-03	2.944093430414795876e-03	-6.980722770094871521e-03	7.712685968726873398e-03	-5.989700090140104294e-03	8.997479453682899475e-03	2.959320088848471642e-03	-4.015716258436441422e-03	-4.689437337219715118e-03	-4.416939802467823029e-03	-6.146631203591823578e-03	9.378561750054359436e-03	-2.649831119924783707e-03	7.772864773869514465e-03	-9.679865092039108276e-03	2.109396038576960564e-03	-1.234037452377378941e-03	7.544832769781351089e-03	-9.055476635694503784e-03	7.438084576278924942e-03	-5.105614662170410156e-03	-6.013945676386356354e-03	-5.649257916957139969e-03	-3.378544934093952179e-03	-3.411093493923544884e-03	-3.196557518094778061e-03	-7.492169737815856934e-03	7.087538251653313637e-04	-5.761004867963492870e-04	-1.683305250480771065e-03	3.757662838324904442e-03	-7.619916461408138275e-03	-3.221235005185008049e-03	5.155279766768217087e-03	8.544250391423702240e-03	-9.810418821871280670e-03	7.196179591119289398e-03	5.309828557074069977e-03	-3.879613475874066353e-03	8.576633408665657043e-03	-9.222124703228473663e-03	7.248901296406984329e-03	5.363930016756057739e-03	1.293518464080989361e-03	-5.200005602091550827e-03	-4.179079551249742508e-03	-3.356576664373278618e-03	1.608796184882521629e-03	1.587090431712567806e-03	7.388652302324771881e-03	9.978371672332286835e-03	8.867299184203147888e-03	-4.006071481853723526e-03	9.645829908549785614e-03	-6.298879161477088928e-04	4.865602590143680573e-03	2.548956545069813728e-03	-6.296573556028306484e-04	3.667833283543586731e-03	-5.319599993526935577e-03	-5.756187252700328827e-03	-7.604208774864673615e-03	1.906732679344713688e-03	6.526090670377016068e-03	8.818874484859406948e-04	1.257064868696033955e-03	3.171306569129228592e-03	8.135225623846054077e-03	-7.700573187321424484e-03	2.260854933410882950e-03	-7.474259007722139359e-03	3.709431737661361694e-03	9.510451927781105042e-03	7.520888932049274445e-03	6.426149047911167145e-03	8.015091530978679657e-03	6.551356986165046692e-03	6.857444066554307938e-03	8.682236075401306152e-03	-4.947979468852281570e-03	9.212910197675228119e-03	5.059591960161924362e-03	-2.129749162122607231e-03	8.487933315336704254e-03	5.081333685666322708e-03	9.649155661463737488e-03	2.832815982401371002e-03	9.868175722658634186e-03	1.197045668959617615e-03	9.129309095442295074e-03	3.587818238884210587e-03	6.565319374203681946e-03	-3.611086634919047356e-03	6.793432403355836868e-03	7.243217434734106064e-03	-2.133689355105161667e-03	-1.859379117377102375e-03	3.612094325944781303e-03	-7.036055903881788254e-03
9.735549800097942352e-03	-9.780382737517356873e-03	-6.499489769339561462e-03	2.783786039799451828e-03	6.431987509131431580e-03	-5.367367062717676163e-03	2.752492437139153481e-03	9.121310897171497345e-03	-6.815421395003795624e-03	-6.099911872297525406e-03	-4.989641718566417694e-03	-3.676412161439657211e-03	1.849715714342892170e-03	9.682632982730865479e-03	6.437776144593954086e-03	3.970921097788959742e-04	2.470768755301833153e-03	8.440490812063217163e-03	9.128979407250881195e-03	5.628752522170543671e-03	5.946263205260038376e-03	-7.620686199516057968e-03	-3.827671986073255539e-03	-5.680331960320472717e-03	6.181774195283651352e-03	-2.256449544802308083e-03	-8.779435418546199799e-03	7.619124837219715118e-03	8.399683050811290741e-03	-3.320235060527920723e-03	9.116658940911293030e-03	-7.383596966974437237e-04	-3.626519348472356796e-03	-3.846907638944685459e-04	1.944267714861780405e-04	-3.504896070808172226e-03	2.813241444528102875e-03	5.729705095291137695e-03	6.869009695947170258e-03	-8.903466165065765381e-03	-2.192728454247117043e-03	-5.481797270476818085e-03	7.521099876612424850e-03	6.501703057438135147e-03	-4.360722377896308899e-03	2.326833084225654602e-03	-5.953661166131496429e-03	2.364957326790317893e-04	9.461759589612483978e-03	-2.609841758385300636e-03	-5.187717732042074203e-03	-7.397209294140338898e-03	-2.911942079663276672e-03	-8.643138571642339230e-04	3.527861787006258965e-03	9.741889312863349915e-03	-3.389275167137384415e-03	1.901768497191369534e-03	9.681008756160736084e-03	1.531586633063852787e-03	9.864962194114923477e-04	9.802371263504028320e-03	9.295459836721420288e-03	7.708066608756780624e-03	-6.170526612550020218e-03	9.983985684812068939e-03	5.848987028002738953e-03	9.072666056454181671e-03	-1.995198661461472511e-03	3.349936101585626602e-03	6.833557039499282837e-03	-3.893756773322820663e-03	6.642850581556558609e-03	2.562862588092684746e-03	9.313729591667652130e-03	-3.035804023966193199e-03	-3.109369194135069847e-03	6.215389817953109741e-03	-9.078245609998703003e-03	-7.253991439938545227e-03	-6.500026211142539978e-03	-7.490742136724293232e-04	-2.363021485507488251e-03	6.815519183874130249e-03	9.236591868102550507e-03	-9.097587899304926395e-04	1.412824378348886967e-03	2.020356711000204086e-03	-2.019798848778009415e-03	-8.034341037273406982e-03	7.441049907356500626e-03	-4.297901410609483719e-03	4.576518665999174118e-03	9.089703671634197235e-03	3.043222473934292793e-03	3.138790139928460121e-03	4.061828833073377609e-03	-2.701216842979192734e-03	3.824769286438822746e-03	3.376233507879078388e-04
5.626711994409561157e-03	5.497370846569538116e-03	1.829119864851236343e-03	5.749406758695840836e-03	-8.968077600002288818e-03	6.559357512742280960e-03	9.225991554558277130e-03	-4.207147285342216492e-03	1.607550424523651600e-03	-5.233881529420614243e-03	1.058218535035848618e-03	2.770168706774711609e-03	8.160736411809921265e-03	5.440127570182085037e-04	2.557058352977037430e-03	1.297735027037560940e-03	8.402522653341293335e-03	-5.707702599465847015e-03	-6.261830218136310577e-03	-3.627518424764275551e-03	-2.300549764186143875e-03	5.041062831878662109e-03	-8.120357058942317963e-03	-2.833535661920905113e-03	-8.197426795959472656e-03	5.149709992110729218e-03	-2.568063791841268539e-03	-9.067106992006301880e-03	4.071729257702827454e-03	9.017323143780231476e-03	-3.037660149857401848e-03	-5.838539451360702515e-03	3.019888419657945633e-03	-4.358482256066054106e-04	-9.979436174035072327e-03	8.417704142630100250e-03	-7.338887546211481094e-03	-4.930406808853149414e-03	-2.657081000506877899e-03	-5.452314391732215881e-03	1.716510043479502201e-03	9.712814353406429291e-03	4.572272300720214844e-03	8.088602684438228607e-03	-4.704582679551094770e-04	6.449234206229448318e-04	-2.668352099135518074e-03	-8.779561147093772888e-03	3.431303426623344421e-03	2.093373565003275871e-03	-9.421854279935359955e-03	-4.968436900526285172e-03	-9.734098799526691437e-03	-5.719791632145643234e-03	4.064542241394519806e-03	8.642860688269138336e-03	4.111649934202432632e-03	2.388464286923408508e-03	8.144778199493885040e-03	-1.119209569878876209e-03	-1.397713436745107174e-03	-8.746823295950889587e-03	-1.257920230273157358e-04	-2.567572519183158875e-03	3.860771539621055126e-04	7.279661949723958969e-03	-7.041460368782281876e-03	-3.946474753320217133e-03	-6.664605345577001572e-03	-3.544114762917160988e-03	-3.315831534564495087e-03	2.137121045961976051e-03	3.328168299049139023e-03	-4.957186989486217499e-03	-4.546290729194879532e-03	1.138694235123693943e-03	5.453482735902070999e-03	5.373649764806032181e-03	-2.968536689877510071e-03	-4.266525618731975555e-03	-5.616647191345691681e-03	-5.449831369332969189e-04	1.946373027749359608e-03	1.525346073321998119e-03	7.352529559284448624e-03	-2.733372384682297707e-03	-6.592393037863075733e-05	-5.527633242309093475e-03	-1.170065370388329029e-03	-7.711963728070259094e-03	-9.593295981176197529e-04	1.309674931690096855e-03	-8.594743907451629639e-03	8.748583495616912842e-03	-9.207866154611110687e-03	-9.624676778912544250e-03	-8.511624298989772797e-03	7.313268259167671204e-03	5.465568508952856064e-03	9.249461814761161804e-03
